name,company,salary
Java consultants,Intone Networks,"Estimated: $110,000 - $140,000 a year"
Software Engineer (Java),PayPal,"Estimated: $87,000 - $120,000 a year"
JAVA Engineer,Luzon Technologies,"Estimated: $110,000 - $140,000 a year"
Jr. Java|Camel Software Engineer,"Datagrate, Inc.","Estimated: $80,000 - $120,000 a year"
Engineer - Java,Amex,Not Available
Java Software Engineer,Centurion Consulting Group,"Estimated: $110,000 - $150,000 a year"
.Java Developer,Belsham Technologies,"Estimated: $93,000 - $120,000 a year"
Full Stack Java Developers,Intone Networks,"Estimated: $100,000 - $150,000 a year"
Junior Java Developer (REMOTE),RELX,"Estimated: $63,000 - $84,000 a year"
Java Engineer,Amex,Not Available
Java Software Engineer,"Zoom Video Communications, Inc.","Estimated: $97,000 - $120,000 a year"
